Priority,Venue / Operator,Sports / Inventory,City,Contact / Role,Email or Form,Phone,Address,Why it is a fit,Rental signal,Source URL,Verified
"A","The Sportsplex (Dallas Sportsplex)","Basketball; volleyball; batting cages; turf training","Dallas","Jason Crispin — facility contact","jcrispin@dallassportsplex.com","972-385-5416","5702 Alpha Rd, Dallas, TX 75240","Explicit court rentals; full-time league and tournament operator","Explicit rentals","https://www.dallassportsplex.com/copy-of-facility-rentals","2026-07-30"
"A","The Sportsplex of Dallas","Basketball; volleyball; soccer turf; baseball/softball cages","Dallas","General rentals team","info@DallasSportsplex.com","972-385-5416","5702 Alpha Rd, Dallas, TX 75240","Five regulation practice courts explicitly available for rental","Explicit rentals","https://www.dallassports.org/directory/the-sportsplex-of-dallas/","2026-07-30"
"A","StarCenter Multisport — Farmers Branch","Basketball; volleyball; pickleball; ice hockey","Farmers Branch","Peyton Newman — Court Sports","pnewman@dallasstars.com","214-432-3126","Farmers Branch, TX","Hourly open-court rentals and dedicated court-sports manager","Explicit rentals","https://www.starcentermultisport.com/contact","2026-07-30"
"A","StarCenter Multisport — The MAC","Basketball; volleyball; pickleball; ice hockey","Lewisville","Joshua Allen — Assistant GM","jallen@dallasstars.com","Use contact form","The MAC, Lewisville, TX","Dallas Stars operator with multi-sport programming","Contact to confirm rental inventory","https://www.starcentermultisport.com/contact","2026-07-30"
"A","StarCenter Multisport — Northlake","Basketball; volleyball; pickleball; ice hockey","Northlake","Eric Droegemeier — Court Sports","edroegemeier@dallasstars.com","Use contact form","Northlake, TX","Open court rentals and multi-sport leagues","Explicit rentals","https://www.starcentermultisport.com/open-court-rental","2026-07-30"
"A","Game On Sports Complex","Basketball; volleyball; indoor futsal; beach volleyball; lacrosse; outdoor turf","Fort Worth","Rentals team","support@gameonfw.com","817-367-7800","2600 Alemeda St, Fort Worth, TX 76108","Purpose-built tournament complex; lists rentals by sport","Explicit rentals","https://www.gameonfw.com/complex-rentals","2026-07-30"
"A","DFW Indoor Sports","Cricket; badminton; soccer; volleyball; pickleball; baseball; dodgeball","Fort Worth","General partnerships / rentals","info@dfwindoorsports.com","817-938-0808","16230 Three Wide Dr, Suite 200, Fort Worth, TX 76177","Explicit court rentals and sponsorship/partnership program","Explicit rentals","https://dfwindoorsports.com/rentals/","2026-07-30"
"A","Soccer Spectrum","Indoor & outdoor soccer; private tournaments/events","Richardson","Events / rentals team","Info@SoccerSpectrum.com","972-644-8845","1251 Digital Dr, Richardson, TX","Explicit field rentals, private events, and facility buyouts","Explicit rentals","https://www.soccerspectrum.com/rentals","2026-07-30"
"A","The Sports Garden","Sand volleyball; social sports","Coppell","Events / court booking","info@sportsgardendfw.com","469-464-4257","1850 E Belt Line Rd, Coppell, TX 75019","24 lighted sand-volleyball courts, leagues, court rentals and group events","Explicit rentals","https://www.sportsgardendfw.com/faqs/","2026-07-30"
"A","At Fault","Pickleball; private events","Farmers Branch","Private events team","Event inquiry form","469-364-6689","2330 Jett St, Farmers Branch, TX 75234","Nine courts; hosts tournaments, team outings and buyouts for 10–500","Explicit rentals","https://www.at-fault.com/event-inquiry","2026-07-30"
"A","Paddle Club","Pickleball","Dallas","General events / reservations","contact@paddleclubusa.com","214-377-8165","2119 Langston Ct, Dallas, TX 75235","Court reservations plus stated interest in hosting parties and gatherings","Explicit reservations","https://paddleclubusa.com/","2026-07-30"
"A","The Point Sportsplex","Pickleball; basketball; volleyball","Pilot Point","General rentals team","info@thepointsportsplex.com","940-202-9182","1145 JC Lane, Building #3, Pilot Point, TX 76258","Dedicated multi-sport court rental service","Explicit rentals","https://www.thepointsportsplex.com/contact","2026-07-30"
"A","Southwest Athletic Center (SWAC)","Volleyball; basketball; training","Carrollton","General rentals team","info@swacdfw.com","214-677-5574","2800 N Interstate 35E, Carrollton, TX 75007","15 volleyball / 8 basketball courts; requests rental inquiries","Explicit rentals","https://swacdfw.com/contact/","2026-07-30"
"A","FieldhouseUSA — Frisco","Multi-sport indoor courts; leagues; tournaments","Frisco","Frisco facility team","Contact form","972-668-6207","6155 Sports Village Rd, Frisco, TX 75033","Multi-purpose indoor facility with DFW footprint","Contact to confirm inventory/rates","https://fieldhouseusa.com/","2026-07-30"
"A","FieldhouseUSA — Grapevine","Multi-sport indoor courts; leagues; tournaments","Grapevine","Central location team","Contact form","972-668-6207","Grapevine, TX","Multi-purpose indoor facility in the FieldhouseUSA network","Contact to confirm inventory/rates","https://fieldhouseusa.com/","2026-07-30"
"A","FieldhouseUSA — Mansfield","Multi-sport indoor courts; leagues; tournaments","Mansfield","Central location team","Contact form","972-668-6207","Mansfield, TX","Multi-purpose indoor facility in the FieldhouseUSA network","Contact to confirm inventory/rates","https://fieldhouseusa.com/","2026-07-30"
"A","Drive Nation Sports","Basketball; volleyball; indoor turf; soccer; football","Irving / DFW Airport","Facility / programs team","General web contact","972-456-1200","2550 Rental Car Dr, Irving, TX 75261","Six basketball courts convertible to ten volleyball courts plus turf","Facility rental referenced","https://ntrvolleyball.net/region-facilities/","2026-07-30"
"A","The Soccer Box","Indoor small-sided soccer","Dallas","Paul Samuels — field rentals","psamuels@thesoccerbox.com","214-272-9030","Dallas, TX","Small indoor fields available for rental weekdays","Explicit rentals","https://www.thesoccerbox.com/","2026-07-30"
"A","FUT360 Dallas","Indoor/outdoor soccer turf","Dallas","Alex Jimenez — President","fut360dallas@gmail.com","214-454-5847","3620 W Davis St, Dallas, TX 75211","Indoor and outdoor turf fields available for rent/open play","Explicit rentals","https://www.sportsengine.com/org/fut-360-dallas","2026-07-30"
"A","TBP Athletic Complex / Dallas Youth Sports","Basketball; volleyball; cheer/dance; martial arts","Dallas","Dallas Youth Sports rentals","Contact via rental request","Use rental request","2524 W Ledbetter Dr, Dallas, TX 75233","Three courts and seating for 2,100; actively solicits rental requests","Explicit rentals","https://www.dallasyouthsports.org/Default.aspx?tabid=1427812","2026-07-30"
"B","Nova Sports Arena","Indoor soccer; adult leagues; training","Mansfield / South DFW","General inquiries","info@novasportsarena.com","817-767-3167","1310 S US 287, Mansfield, TX","New South-DFW indoor facility; outreach could secure an early partnership","Contact to confirm rental product","https://novasportsarena.com/contact/","2026-07-30"
"B","Blue Sky Sports Center — The Colony","Indoor soccer; lacrosse","The Colony","Jane Nauman — President","jane.nauman@blueskysportscenter.com","469-384-3400","7801 Main St, The Colony, TX 75056","Indoor sports operator with multiple DFW locations","Contact to confirm rental product","https://www.sportsengine.com/org/blue-sky-sports-center","2026-07-30"
"B","Blue Sky Sports Center — Allen","Indoor soccer; lacrosse","Allen","Central operator contact","jane.nauman@blueskysportscenter.com","469-384-3400","950 E Main St, Allen, TX 75002","Same multi-location operator; distinct North DFW catchment","Contact to confirm rental product","https://www.linkedin.com/company/blue-sky-sports-center","2026-07-30"
"B","Blue Sky Sports Center — Euless","Indoor soccer; lacrosse","Euless","Central operator contact","jane.nauman@blueskysportscenter.com","469-384-3400","100 E Midway Dr, Euless, TX 76039","Same multi-location operator; serves Mid-Cities","Contact to confirm rental product","https://www.linkedin.com/company/blue-sky-sports-center","2026-07-30"
"B","Blue Sky Sports Center — Keller","Indoor soccer; lacrosse","Keller","Central operator contact","jane.nauman@blueskysportscenter.com","469-384-3400","331 Golden Triangle Blvd, Keller, TX 76248","Same multi-location operator; serves northeast Tarrant","Contact to confirm rental product","https://www.linkedin.com/company/blue-sky-sports-center","2026-07-30"
"B","Boys & Girls Clubs of Greater Dallas","Gyms; outdoor courts; fields","Dallas; Mesquite; Grand Prairie","Sports facility rentals / Catch Corner","Catch Corner booking link","Online booking","Multiple DFW sites","Nine listed rentals across East/West Dallas, Oak Cliff, Mesquite, and Grand Prairie","Explicit rentals","https://www.bgcdallas.org/sports-facility-rentals/","2026-07-30"
"B","YMCA of Fort Worth Sports Complex","Multi-sport tournament facility","Fort Worth","Sports Complex rental team","Rental inquiry form","Use inquiry form","Fort Worth, TX","States it rents for organizations and tournaments","Explicit rentals","https://ymcafw.org/sports-complex/","2026-07-30"
"B","Samuell Grand Tennis Center","Tennis","Dallas","Midcourt Tennis Academy","Facility contact page","Use contact page","Dallas, TX","Public, city-owned tennis center operated by Midcourt Tennis Academy","Contact to confirm partnership model","https://www.dallasparks.org/facilities/facility/details/Samuell-Grand-Tennis-Center-53","2026-07-30"
"C","City of Dallas Park & Recreation","Soccer; football; rugby; lacrosse; baseball; softball; tennis; pickleball","Dallas","Athletics, Events & Reservations Office","Reservation request form","214-670-8740","10030 E Northwest Hwy, Dallas, TX 75238","Single partnership can cover 287 athletic fields; good civic-platform prospect","Municipal reservations","https://www.dallasparks.org/370/Athletic-Field-Reservations","2026-07-30"
"C","MoneyGram Soccer Park at Elm Fork","Soccer","Dallas","Andy Sholl / City of Dallas reservations","City park contact page","214-670-8740","2100 Walnut Hill Ln, Dallas, TX 75229","Named City of Dallas soccer-park reservation contact; may merit direct venue partnership","Municipal reservations","https://www.dallasparks.org/138/2718/Football-Fields","2026-07-30"
"C","City of Frisco Parks & Recreation","Soccer; baseball; softball; football; practice fields","Frisco","Blake Grimmett — athletic field reservations","playfrisco@friscotexas.gov","972-292-6500","6726 Walnut St, Frisco, TX 75034","City program leases game/practice fields; strong tournament market","Municipal reservations","https://www.friscotexas.gov/1250/Athletic-Field-Reservations","2026-07-30"
"C","City of Fort Worth Parks & Recreation","Fields; baseball; softball; soccer; gyms; racquetball","Fort Worth","Athletics / Haws Athletic Center","Online ActiveNet reservation","817-392-7690","600 Congress St, Fort Worth, TX 76107","Citywide athletic rentals for games, practices, and special events","Municipal reservations","https://www.fortworthtexas.gov/departments/parks/services/sports/fields-athletic-facilities","2026-07-30"